{"cameraMode":{"drawMode":0,"name":"Shaded","section":"Shading Mode"},"sceneLighting":false,"audioPlay":false,"sceneViewState":{"m_AlwaysRefresh":false,"showFog":false,"showSkybox":false,"showFlares":false,"showImageEffects":false,"showParticleSystems":false,"showVisualEffectGraphs":true,"m_FxEnabled":true},"in2DMode":false,"pivot":{"x":0.16344325244426728,"y":0.0934453010559082,"z":0.26564520597457888},"rotation":{"x":-0.0618034228682518,"y":0.8757862448692322,"z":-0.11655233055353165,"w":-0.46434277296066286},"size":0.965345561504364,"orthographic":false}